Feature,Importance
OverTime,0.4156325824052127
MaritalStatus,0.20101880762788102
TotalWorkingYears,0.08638357377870845
MonthlyIncome,0.06067203977723331
Age,0.05898104242307875
SalaryBand,0.05055501258891857
YearsInCurrentRole,0.042339967131335206
YearsAtCompany,0.02763760227142557
JobRole,0.022943157677160722
DistanceFromHome,0.01758177122316941
BusinessTravel,0.016254443095876325
